﻿designator,quantity,value,pack,mpn,mount_type
"C1, C2",2,856C,C_1206_3216Metric_Pad1.33x1.80mm_HandSolder,,smt
C3,1,104C,C_1206_3216Metric_Pad1.33x1.80mm_HandSolder,,smt
J1,1,Barrel Jack,BarrelJack_Wuerth_6941xx301002,,tht
J2,1,Motor Hdr,PinHeader_1x02_P2.54mm_Vertical,,tht
"R1, R2, R3, R4",4,1R,R_1206_3216Metric_Pad1.30x1.75mm_HandSolder,,smt
U1,1,ChineseDCDCBoard,SRT_MPT1584EN_Module,,tht
U2,1,WeMos_D1_mini,WEMOS_D1_mini_light,,tht
U3,1,DRV8870DDA,Texas_HTSOP-8-1EP_3.9x4.9mm_P1.27mm_EP2.95x4.9mm_Mask2.4x3.1mm_ThermalVias,,smt
