﻿pos_x,pos_y,rotation,side,designator,mpn,pack,value,mount_type,place
91.44,-99.06,-90.0,top,C1,,C_1206_3216Metric_Pad1.33x1.80mm_HandSolder,856C,smt,True
91.44,-106.68,-90.0,top,C2,,C_1206_3216Metric_Pad1.33x1.80mm_HandSolder,856C,smt,True
43.18,-99.06,180.0,top,C3,,C_1206_3216Metric_Pad1.33x1.80mm_HandSolder,104C,smt,True
82.715828,-98.649873,0.0,top,J1,,BarrelJack_Wuerth_6941xx301002,Barrel Jack,tht,True
43.18,-81.28,180.0,top,J2,,PinHeader_1x02_P2.54mm_Vertical,Motor Hdr,tht,True
35.56,-96.52,180.0,top,R1,,R_1206_3216Metric_Pad1.30x1.75mm_HandSolder,1R,smt,True
35.56,-99.06,180.0,top,R2,,R_1206_3216Metric_Pad1.30x1.75mm_HandSolder,1R,smt,True
35.56,-104.14,180.0,top,R3,,R_1206_3216Metric_Pad1.30x1.75mm_HandSolder,1R,smt,True
35.56,-101.6,180.0,top,R4,,R_1206_3216Metric_Pad1.30x1.75mm_HandSolder,1R,smt,True
83.82,-81.28,90.0,top,U1,,SRT_MPT1584EN_Module,ChineseDCDCBoard,tht,True
50.015,-80.01,0.0,top,U2,,WEMOS_D1_mini_light,WeMos_D1_mini,tht,True
38.1,-88.9,0.0,top,U3,,Texas_HTSOP-8-1EP_3.9x4.9mm_P1.27mm_EP2.95x4.9mm_Mask2.4x3.1mm_ThermalVias,DRV8870DDA,smt,True
